question,answer
"Our sales pipeline has 200 leads stuck in the 'Proposal Sent' stage for over 30 days. What should we do?","Segment the 200 stale leads by deal size and last-touch date. For high-value deals (top 20%), assign a senior rep to make a personal follow-up call within 48 hours offering a time-limited incentive such as a discount or extended trial. For mid-tier leads, send a personalized email sequence that addresses common objections and includes a customer success story relevant to their industry. For low-value leads older than 45 days, move them to a nurture campaign and free up rep capacity. Set up an automated alert in your CRM so that any deal sitting in 'Proposal Sent' for more than 14 days triggers a follow-up task."
"How can I improve our lead scoring model? We're getting too many false positives.","Audit your current scoring criteria against closed-won and closed-lost data from the past 6 months. Identify which attributes (job title, company size, engagement signals) actually correlate with conversion. Remove or down-weight vanity signals like single page visits. Add behavioral scores for high-intent actions: pricing page visits, demo requests, and return visits within 7 days. Implement a negative scoring layer that deducts points for disqualifying traits such as student email domains or companies outside your ICP. Re-calibrate thresholds so that only the top 15-20% of leads are marked as MQLs, then validate with a 2-week A/B test comparing old vs. new scores."
"We're losing deals to a competitor who undercuts us on price. How should we adjust our CRM strategy?","First, add a 'Competitive Deal' tag in your CRM and track win/loss reasons against this competitor specifically. Analyze which segments you lose most often — it may be SMB where price sensitivity is highest. For those segments, create a value-based battle card that reps can attach to opportunities, highlighting ROI, support quality, and total cost of ownership over 3 years. Build an automated workflow that triggers when a rep marks a competitor on a deal: it should send the rep the battle card, schedule a manager review, and optionally offer a pre-approved discount tier. For enterprise deals, focus on multi-threading — ensure at least 3 stakeholder contacts are logged per opportunity so the deal doesn't hinge on a single price-sensitive buyer."
"Our customer churn rate increased from 5% to 8% last quarter. What CRM actions should we take?","Create a health score in your CRM that combines product usage data (login frequency, feature adoption), support ticket volume, NPS responses, and contract renewal date proximity. Flag any account whose health score drops below a threshold as 'At Risk' and auto-assign it to a Customer Success Manager with a 48-hour SLA for outreach. Run a cohort analysis on the churned accounts to find common patterns — were they onboarded poorly, did they lack a champion, or did they hit a specific product limitation? Based on findings, build targeted playbooks: for low-adoption accounts, schedule a re-onboarding session; for accounts with unresolved tickets, escalate and offer a goodwill credit. Set up a quarterly business review cadence for your top 20% of accounts by ARR."
"How do I set up an effective automated email nurture sequence for cold leads in our CRM?","Design a 5-touch sequence spread over 3 weeks. Email 1 (Day 0): a short, personalized introduction that references the lead's industry and a specific pain point — no hard sell. Email 2 (Day 3): share a relevant case study or data point that builds credibility. Email 3 (Day 7): offer a low-commitment resource like a checklist or benchmark report in exchange for engagement. Email 4 (Day 14): present a clear value proposition with a CTA to book a 15-minute call. Email 5 (Day 21): a breakup email that acknowledges their busy schedule and leaves the door open. Configure your CRM to exit leads from the sequence if they reply, book a meeting, or visit the pricing page. Track open rates, click rates, and reply rates per step, and A/B test subject lines on the first email."
"We have 5,000 contacts but no segmentation. Where do we start?","Begin with three foundational segments: by lifecycle stage (Lead, MQL, SQL, Customer, Churned), by company size or ICP fit (Enterprise, Mid-Market, SMB, Non-ICP), and by engagement recency (Active in last 30 days, Dormant 30-90 days, Cold 90+ days). Use your CRM's bulk update or import feature to tag existing contacts. Then layer in industry vertical as a fourth dimension if you serve multiple verticals. Once segments are in place, create filtered views and dashboards for each so reps see only their relevant pipeline. Prioritize cleaning data first — deduplicate contacts, standardize company names, and fill in missing fields like job title and phone number before segmenting."
"Our sales reps aren't logging activities in the CRM. How do we fix this?","Address both motivation and friction. On the friction side, enable automatic activity capture: sync email and calendar so calls, meetings, and emails log without manual entry. Use a mobile CRM app so field reps can log notes via voice. On the motivation side, tie CRM data completeness to pipeline reviews — if a deal doesn't have recent activity logged, it gets flagged in the weekly forecast meeting. Create a simple leaderboard that shows activity logging rates by rep. Make it clear that CRM data directly influences territory assignments and lead routing: reps who log consistently get better leads. Finally, simplify your CRM fields — remove any that aren't actively used in reports or workflows. Fewer required fields means less resistance."
"How should we structure our CRM deal stages for a B2B SaaS sales process?","Use 6-7 stages that mirror buyer actions, not seller actions. Stage 1 — Discovery: initial qualifying call completed, BANT confirmed. Stage 2 — Needs Analysis: detailed requirements gathered, stakeholders identified. Stage 3 — Solution Presentation: demo delivered, technical fit confirmed. Stage 4 — Proposal / Pricing: formal proposal sent, budget discussed. Stage 5 — Negotiation: terms under review, legal or procurement involved. Stage 6 — Closed Won or Closed Lost. Assign exit criteria to each stage so reps can't advance a deal without completing required fields (e.g., 'Decision Maker Identified' must be checked to move past Discovery). Add a 'Commit' probability to each stage and use it for weighted pipeline forecasting."
"What KPIs should I track on my CRM dashboard for a 10-person sales team?","Build three dashboard layers. Layer 1 — Activity Metrics: calls made, emails sent, meetings booked per rep per week, with targets (e.g., 50 calls/week). Layer 2 — Pipeline Metrics: total pipeline value, pipeline coverage ratio (aim for 3-4x quota), average deal size, number of deals per stage, and stage-to-stage conversion rates. Layer 3 — Outcome Metrics: monthly bookings vs. quota, win rate, average sales cycle length, and revenue by lead source. Add a trend line for each KPI so you spot regressions early. Include a 'Deals at Risk' widget that surfaces opportunities with no activity in 14+ days or past their expected close date. Review the dashboard in a 30-minute weekly team meeting."
"How do we integrate our CRM with our marketing automation platform effectively?","Map the full lead lifecycle across both systems. Marketing automation owns the lead until it hits MQL threshold, then it syncs to the CRM as a new lead or contact. Define a clear handoff: the CRM should receive lead source, campaign attribution, engagement score, and key form-fill data. Set up bi-directional sync so that when a sales rep disqualifies a lead in the CRM, it updates the marketing platform and moves the contact to a re-nurture list. Align on field naming conventions — 'Lead Status' in the CRM should map to a matching field in the marketing tool. Create a shared SLA: marketing commits to a lead volume target, sales commits to a follow-up time (e.g., contact within 4 hours). Build a closed-loop report that shows which campaigns generate revenue, not just leads."
"A key account's contract renews in 60 days and they've been unresponsive. What's the CRM playbook?","Immediately escalate the account to the assigned CSM and their manager. In the CRM, create a renewal opportunity with a 60-day close date and set a task sequence: Day 1 — send a personalized email from the CSM referencing recent value delivered (metrics, ROI). Day 3 — have the account executive call the primary contact and a secondary stakeholder. Day 7 — if no response, engage your executive sponsor for a peer-to-peer outreach to their VP or C-level. Day 14 — send a formal renewal proposal with any loyalty incentives. Day 30 — if still unresponsive, flag as 'At Risk' and prepare a save offer (discount, extended terms, or additional services at no cost). Log every touchpoint in the CRM and update the health score daily. Prepare a contingency revenue forecast assuming the account churns."
"We want to upsell existing customers. How should we use CRM data to identify opportunities?","Build an upsell propensity model using CRM and product data. Key signals: customers who have used 80%+ of their current plan's capacity, accounts that have added new users in the last 90 days, customers with high NPS scores (9-10), and accounts approaching contract anniversary. Create a CRM report that surfaces these accounts weekly and auto-assigns them to the account management team with a suggested upsell play (e.g., upgrade to next tier, add a new module, expand to a new department). Equip reps with a talk track that ties the upsell to the customer's stated goals from their last QBR. Track upsell pipeline separately from new business so you can measure expansion revenue independently."
"Our CRM data quality is terrible — duplicate records, missing fields, outdated info. How do we clean it up?","Run a phased cleanup. Phase 1 (Week 1-2): Deduplicate. Use your CRM's built-in merge tool or a third-party dedup app to identify and merge duplicate contacts and companies. Prioritize by matching on email domain + name. Phase 2 (Week 3-4): Enrich. Use a data enrichment provider to fill in missing fields like company size, industry, phone, and job title. Phase 3 (Week 5-6): Standardize. Create picklist values for key fields (Industry, Lead Source, Country) and bulk-update free-text entries to match. Phase 4 (Ongoing): Prevent decay. Add validation rules that require critical fields at lead creation, set up automated workflows that flag records with missing data after 30 days, and schedule a quarterly data audit. Assign a CRM admin as the data steward responsible for ongoing quality."
"How can we reduce our average sales cycle from 45 days to 30 days using CRM workflows?","Analyze where deals spend the most time by running a stage duration report. Common bottlenecks are between Proposal Sent and Negotiation. For that stage, create an automated follow-up sequence: if a deal sits for 5 days without activity, trigger a task for the rep and send a templated check-in email. Implement mutual action plans as a CRM custom object — when a deal enters Negotiation, auto-generate a shared timeline with the buyer that includes key milestones (legal review, procurement sign-off, go-live date). Use parallel processing: while legal reviews the contract, have the CSM begin onboarding planning. Add a 'Next Step' required field on every deal so reps always have a concrete action. Finally, empower reps with pre-approved discount bands so they don't have to wait for manager approval on standard deals."
"We're expanding into a new market segment. How should we configure our CRM to support this?","Create a new segment tag or picklist value (e.g., 'Healthcare' if that's the new vertical). Build a dedicated pipeline view filtered to this segment so the team can track it separately. Customize lead scoring to reflect the new ICP — the attributes that matter in healthcare may differ from your current market (e.g., compliance requirements, procurement cycles). Create segment-specific email templates, call scripts, and proposal templates stored in the CRM's content library. Set up a separate dashboard that tracks new-segment KPIs: leads generated, pipeline created, win rate, and average deal size vs. your core segment. Assign a segment owner who reviews this dashboard weekly. If the sales motion differs (e.g., longer cycle, more stakeholders), adjust your deal stages or add a parallel pipeline with stages tailored to that buying process."
"How should we handle inbound leads that come in after business hours?","Configure your CRM to auto-assign inbound leads with a round-robin rule that respects time zones and rep availability. Set up an instant auto-reply email that acknowledges receipt, sets expectations for response time (e.g., 'We'll reach out within 4 business hours'), and includes a self-service calendar link so the lead can book a meeting immediately. Create a priority queue: if the lead's score exceeds a threshold (e.g., enterprise domain, pricing page visit), send an SMS or Slack alert to the on-call rep for immediate follow-up. For lower-priority leads, the round-robin assignment triggers a task for the next business day. Track speed-to-lead as a KPI — measure the time from form submission to first human response and aim for under 5 minutes during business hours."
"Our forecast accuracy is below 60%. How can we use the CRM to improve it?","Enforce structured forecasting in the CRM. First, require reps to assign a forecast category to every deal: Pipeline, Best Case, Commit, or Closed. Define clear criteria for each category — 'Commit' means verbal agreement, decision-maker confirmed, and expected close within the period. Second, implement a weighted pipeline model where each stage has a historical conversion probability; use this as a sanity check against rep-submitted forecasts. Third, add a 'Forecast Notes' field that reps must update weekly with the latest buyer signal. Fourth, run a weekly forecast review meeting using a CRM report that highlights deals that changed category, slipped close dates, or have no recent activity. Track forecast accuracy by rep over time and coach those consistently over- or under-forecasting. Aim for 80%+ accuracy within two quarters."
"What's the best way to track and attribute revenue to marketing campaigns in our CRM?","Implement multi-touch attribution. At minimum, capture 'First Touch' (the campaign that created the lead) and 'Last Touch' (the campaign that converted the lead to an opportunity). Store these as fields on the Contact and Opportunity objects. For more granularity, use your CRM's campaign influence feature to associate every campaign touchpoint with the opportunity and assign weighted credit (e.g., 40% first touch, 40% last touch, 20% split across middle touches). Build a report that shows revenue by campaign, cost per opportunity, and ROI for each campaign. Ensure UTM parameters from your website flow into the CRM via form submissions. Reconcile CRM attribution data with your marketing automation platform monthly to catch any sync gaps. This closed-loop reporting lets marketing double down on high-ROI channels."
"How do we set up territory management in our CRM for a growing sales team?","Define territories by a combination of geography, company size, and industry vertical — not just zip code. In the CRM, create territory records with rules: e.g., 'West Coast Enterprise Tech' routes to Rep A, 'East Coast Mid-Market Healthcare' routes to Rep B. Use automated lead assignment rules that evaluate these criteria at lead creation and route accordingly. Build a territory balance report that shows pipeline value, account count, and quota per territory to ensure equitable distribution. When adding new reps, carve territories by splitting the highest-loaded ones rather than reassigning randomly. Set up a territory change log so you can track reassignments and their impact on pipeline. Review territory alignment quarterly using CRM data on win rates and cycle times by territory."
"We want to implement a customer referral program tracked in our CRM. How should we set it up?","Create a custom object or use a dedicated lead source value called 'Customer Referral.' When a customer submits a referral, auto-create a lead in the CRM with fields for Referring Customer, Referral Date, and Referral Status (Submitted, Contacted, Qualified, Won, Lost). Link the referral lead back to the referring customer's account record so you can track how many referrals each customer generates. Set up an automated workflow: when a referral is submitted, notify the assigned rep within 1 hour and send a thank-you email to the referring customer. When the referral converts to a closed-won deal, trigger a reward fulfillment task (e.g., gift card, account credit, or donation to charity of choice). Build a referral dashboard showing referrals by source customer, conversion rate, revenue generated, and average time to close. Referral leads typically convert at 3-5x the rate of cold leads, so prioritize them in your routing rules."
